{
  "collections": [{
    "name": "knex_migrations",
    "nameOld": "knex_migrations",
    "icon": null,
    "integration": null,
    "isReadOnly": false,
    "isSearchable": true,
    "isVirtual": false,
    "onlyForRelationships": false,
    "paginationType": "page",
    "fields": [{
      "field": "batch",
      "type": "Number",
      "defaultValue": null,
      "enums": null,
      "integration": null,
      "isFilterable": true,
      "isReadOnly": false,
      "isRequired": false,
      "isSortable": true,
      "isVirtual": false,
      "reference": null,
      "inverseOf": null,
      "validations": []
    }, {
      "field": "id",
      "type": "Number",
      "defaultValue": null,
      "enums": null,
      "integration": null,
      "isFilterable": true,
      "isReadOnly": false,
      "isRequired": false,
      "isSortable": true,
      "isVirtual": false,
      "reference": null,
      "inverseOf": null,
      "validations": []
    }, {
      "field": "migration_time",
      "type": "Date",
      "defaultValue": null,
      "enums": null,
      "integration": null,
      "isFilterable": true,
      "isReadOnly": false,
      "isRequired": false,
      "isSortable": true,
      "isVirtual": false,
      "reference": null,
      "inverseOf": null,
      "validations": []
    }, {
      "field": "name",
      "type": "String",
      "defaultValue": null,
      "enums": null,
      "integration": null,
      "isFilterable": true,
      "isReadOnly": false,
      "isRequired": false,
      "isSortable": true,
      "isVirtual": false,
      "reference": null,
      "inverseOf": null,
      "validations": []
    }],
    "segments": [],
    "actions": []
  }, {
    "name": "knex_migrations_lock",
    "nameOld": "knex_migrations_lock",
    "icon": null,
    "integration": null,
    "isReadOnly": false,
    "isSearchable": true,
    "isVirtual": false,
    "onlyForRelationships": false,
    "paginationType": "page",
    "fields": [{
      "field": "index",
      "type": "Number",
      "defaultValue": null,
      "enums": null,
      "integration": null,
      "isFilterable": true,
      "isReadOnly": false,
      "isRequired": false,
      "isSortable": true,
      "isVirtual": false,
      "reference": null,
      "inverseOf": null,
      "validations": []
    }, {
      "field": "is_locked",
      "type": "Number",
      "defaultValue": null,
      "enums": null,
      "integration": null,
      "isFilterable": true,
      "isReadOnly": false,
      "isRequired": false,
      "isSortable": true,
      "isVirtual": false,
      "reference": null,
      "inverseOf": null,
      "validations": []
    }],
    "segments": [],
    "actions": []
  }, {
    "name": "stub_categories",
    "nameOld": "stub_categories",
    "icon": null,
    "integration": null,
    "isReadOnly": false,
    "isSearchable": true,
    "isVirtual": false,
    "onlyForRelationships": false,
    "paginationType": "page",
    "fields": [{
      "field": "child_cat_id",
      "type": "Number",
      "defaultValue": null,
      "enums": null,
      "integration": null,
      "isFilterable": true,
      "isReadOnly": false,
      "isRequired": false,
      "isSortable": true,
      "isVirtual": false,
      "reference": null,
      "inverseOf": null,
      "validations": []
    }, {
      "field": "child_cat_name",
      "type": "String",
      "defaultValue": null,
      "enums": null,
      "integration": null,
      "isFilterable": true,
      "isReadOnly": false,
      "isRequired": false,
      "isSortable": true,
      "isVirtual": false,
      "reference": null,
      "inverseOf": null,
      "validations": []
    }, {
      "field": "child_cat_slug",
      "type": "String",
      "defaultValue": null,
      "enums": null,
      "integration": null,
      "isFilterable": true,
      "isReadOnly": false,
      "isRequired": false,
      "isSortable": true,
      "isVirtual": false,
      "reference": null,
      "inverseOf": null,
      "validations": []
    }, {
      "field": "description",
      "type": "String",
      "defaultValue": null,
      "enums": null,
      "integration": null,
      "isFilterable": true,
      "isReadOnly": false,
      "isRequired": false,
      "isSortable": true,
      "isVirtual": false,
      "reference": null,
      "inverseOf": null,
      "validations": []
    }, {
      "field": "grandchild_cat_id",
      "type": "Number",
      "defaultValue": null,
      "enums": null,
      "integration": null,
      "isFilterable": true,
      "isReadOnly": false,
      "isRequired": false,
      "isSortable": true,
      "isVirtual": false,
      "reference": null,
      "inverseOf": null,
      "validations": []
    }, {
      "field": "grandchild_cat_name",
      "type": "String",
      "defaultValue": null,
      "enums": null,
      "integration": null,
      "isFilterable": true,
      "isReadOnly": false,
      "isRequired": false,
      "isSortable": true,
      "isVirtual": false,
      "reference": null,
      "inverseOf": null,
      "validations": []
    }, {
      "field": "grandchild_cat_slug",
      "type": "String",
      "defaultValue": null,
      "enums": null,
      "integration": null,
      "isFilterable": true,
      "isReadOnly": false,
      "isRequired": false,
      "isSortable": true,
      "isVirtual": false,
      "reference": null,
      "inverseOf": null,
      "validations": []
    }, {
      "field": "id",
      "type": "Number",
      "defaultValue": null,
      "enums": null,
      "integration": null,
      "isFilterable": true,
      "isReadOnly": false,
      "isRequired": false,
      "isSortable": true,
      "isVirtual": false,
      "reference": null,
      "inverseOf": null,
      "validations": []
    }, {
      "field": "is_child_cat",
      "type": "Boolean",
      "defaultValue": null,
      "enums": null,
      "integration": null,
      "isFilterable": true,
      "isReadOnly": false,
      "isRequired": false,
      "isSortable": true,
      "isVirtual": false,
      "reference": null,
      "inverseOf": null,
      "validations": []
    }, {
      "field": "is_grandchild_cat",
      "type": "Boolean",
      "defaultValue": null,
      "enums": null,
      "integration": null,
      "isFilterable": true,
      "isReadOnly": false,
      "isRequired": false,
      "isSortable": true,
      "isVirtual": false,
      "reference": null,
      "inverseOf": null,
      "validations": []
    }, {
      "field": "is_master_cat",
      "type": "Boolean",
      "defaultValue": null,
      "enums": null,
      "integration": null,
      "isFilterable": true,
      "isReadOnly": false,
      "isRequired": false,
      "isSortable": true,
      "isVirtual": false,
      "reference": null,
      "inverseOf": null,
      "validations": []
    }, {
      "field": "parent_cat_id",
      "type": "Number",
      "defaultValue": null,
      "enums": null,
      "integration": null,
      "isFilterable": true,
      "isReadOnly": false,
      "isRequired": false,
      "isSortable": true,
      "isVirtual": false,
      "reference": null,
      "inverseOf": null,
      "validations": []
    }, {
      "field": "parent_cat_name",
      "type": "String",
      "defaultValue": null,
      "enums": null,
      "integration": null,
      "isFilterable": true,
      "isReadOnly": false,
      "isRequired": false,
      "isSortable": true,
      "isVirtual": false,
      "reference": null,
      "inverseOf": null,
      "validations": []
    }, {
      "field": "parent_cat_slug",
      "type": "String",
      "defaultValue": null,
      "enums": null,
      "integration": null,
      "isFilterable": true,
      "isReadOnly": false,
      "isRequired": false,
      "isSortable": true,
      "isVirtual": false,
      "reference": null,
      "inverseOf": null,
      "validations": []
    }, {
      "field": "updated_at",
      "type": "Date",
      "defaultValue": null,
      "enums": null,
      "integration": null,
      "isFilterable": true,
      "isReadOnly": false,
      "isRequired": false,
      "isSortable": true,
      "isVirtual": false,
      "reference": null,
      "inverseOf": null,
      "validations": []
    }],
    "segments": [],
    "actions": []
  }, {
    "name": "stub_countries",
    "nameOld": "stub_countries",
    "icon": null,
    "integration": null,
    "isReadOnly": false,
    "isSearchable": true,
    "isVirtual": false,
    "onlyForRelationships": false,
    "paginationType": "page",
    "fields": [{
      "field": "abbreviation",
      "type": "String",
      "defaultValue": null,
      "enums": null,
      "integration": null,
      "isFilterable": true,
      "isReadOnly": false,
      "isRequired": false,
      "isSortable": true,
      "isVirtual": false,
      "reference": null,
      "inverseOf": null,
      "validations": []
    }, {
      "field": "country_id",
      "type": "Number",
      "defaultValue": null,
      "enums": null,
      "integration": null,
      "isFilterable": true,
      "isReadOnly": false,
      "isRequired": false,
      "isSortable": true,
      "isVirtual": false,
      "reference": null,
      "inverseOf": null,
      "validations": []
    }, {
      "field": "currency_type_abbreviation",
      "type": "String",
      "defaultValue": null,
      "enums": null,
      "integration": null,
      "isFilterable": true,
      "isReadOnly": false,
      "isRequired": false,
      "isSortable": true,
      "isVirtual": false,
      "reference": null,
      "inverseOf": null,
      "validations": []
    }, {
      "field": "currency_type_description",
      "type": "String",
      "defaultValue": null,
      "enums": null,
      "integration": null,
      "isFilterable": true,
      "isReadOnly": false,
      "isRequired": false,
      "isSortable": true,
      "isVirtual": false,
      "reference": null,
      "inverseOf": null,
      "validations": []
    }, {
      "field": "id",
      "type": "Number",
      "defaultValue": null,
      "enums": null,
      "integration": null,
      "isFilterable": true,
      "isReadOnly": false,
      "isRequired": false,
      "isSortable": true,
      "isVirtual": false,
      "reference": null,
      "inverseOf": null,
      "validations": []
    }, {
      "field": "international_phone_code",
      "type": "Number",
      "defaultValue": null,
      "enums": null,
      "integration": null,
      "isFilterable": true,
      "isReadOnly": false,
      "isRequired": false,
      "isSortable": true,
      "isVirtual": false,
      "reference": null,
      "inverseOf": null,
      "validations": []
    }, {
      "field": "name",
      "type": "String",
      "defaultValue": null,
      "enums": null,
      "integration": null,
      "isFilterable": true,
      "isReadOnly": false,
      "isRequired": false,
      "isSortable": true,
      "isVirtual": false,
      "reference": null,
      "inverseOf": null,
      "validations": []
    }, {
      "field": "updated_at",
      "type": "Date",
      "defaultValue": null,
      "enums": null,
      "integration": null,
      "isFilterable": true,
      "isReadOnly": false,
      "isRequired": false,
      "isSortable": true,
      "isVirtual": false,
      "reference": null,
      "inverseOf": null,
      "validations": []
    }],
    "segments": [],
    "actions": []
  }, {
    "name": "stub_high_inventory_performers",
    "nameOld": "stub_high_inventory_performers",
    "icon": null,
    "integration": null,
    "isReadOnly": false,
    "isSearchable": true,
    "isVirtual": false,
    "onlyForRelationships": false,
    "paginationType": "page",
    "fields": [{
      "field": "child_cat_id",
      "type": "Number",
      "defaultValue": null,
      "enums": null,
      "integration": null,
      "isFilterable": true,
      "isReadOnly": false,
      "isRequired": false,
      "isSortable": true,
      "isVirtual": false,
      "reference": null,
      "inverseOf": null,
      "validations": []
    }, {
      "field": "grandchild_cat_id",
      "type": "Number",
      "defaultValue": null,
      "enums": null,
      "integration": null,
      "isFilterable": true,
      "isReadOnly": false,
      "isRequired": false,
      "isSortable": true,
      "isVirtual": false,
      "reference": null,
      "inverseOf": null,
      "validations": []
    }, {
      "field": "id",
      "type": "Number",
      "defaultValue": null,
      "enums": null,
      "integration": null,
      "isFilterable": true,
      "isReadOnly": false,
      "isRequired": false,
      "isSortable": true,
      "isVirtual": false,
      "reference": null,
      "inverseOf": null,
      "validations": []
    }, {
      "field": "parent_cat_id",
      "type": "Number",
      "defaultValue": null,
      "enums": null,
      "integration": null,
      "isFilterable": true,
      "isReadOnly": false,
      "isRequired": false,
      "isSortable": true,
      "isVirtual": false,
      "reference": null,
      "inverseOf": null,
      "validations": []
    }, {
      "field": "performer_id",
      "type": "Number",
      "defaultValue": null,
      "enums": null,
      "integration": null,
      "isFilterable": true,
      "isReadOnly": false,
      "isRequired": false,
      "isSortable": true,
      "isVirtual": false,
      "reference": null,
      "inverseOf": null,
      "validations": []
    }, {
      "field": "performer_name",
      "type": "String",
      "defaultValue": null,
      "enums": null,
      "integration": null,
      "isFilterable": true,
      "isReadOnly": false,
      "isRequired": false,
      "isSortable": true,
      "isVirtual": false,
      "reference": null,
      "inverseOf": null,
      "validations": []
    }, {
      "field": "updated_at",
      "type": "Date",
      "defaultValue": null,
      "enums": null,
      "integration": null,
      "isFilterable": true,
      "isReadOnly": false,
      "isRequired": false,
      "isSortable": true,
      "isVirtual": false,
      "reference": null,
      "inverseOf": null,
      "validations": []
    }],
    "segments": [],
    "actions": []
  }, {
    "name": "stub_page_banners",
    "nameOld": "stub_page_banners",
    "icon": null,
    "integration": null,
    "isReadOnly": false,
    "isSearchable": true,
    "isVirtual": false,
    "onlyForRelationships": false,
    "paginationType": "page",
    "fields": [{
      "field": "id",
      "type": "Number",
      "defaultValue": null,
      "enums": null,
      "integration": null,
      "isFilterable": true,
      "isReadOnly": false,
      "isRequired": false,
      "isSortable": true,
      "isVirtual": false,
      "reference": null,
      "inverseOf": null,
      "validations": []
    }, {
      "field": "image_url",
      "type": "String",
      "defaultValue": null,
      "enums": null,
      "integration": null,
      "isFilterable": true,
      "isReadOnly": false,
      "isRequired": false,
      "isSortable": true,
      "isVirtual": false,
      "reference": null,
      "inverseOf": null,
      "validations": []
    }, {
      "field": "is_child_cat",
      "type": "Boolean",
      "defaultValue": null,
      "enums": null,
      "integration": null,
      "isFilterable": true,
      "isReadOnly": false,
      "isRequired": false,
      "isSortable": true,
      "isVirtual": false,
      "reference": null,
      "inverseOf": null,
      "validations": []
    }, {
      "field": "is_grandchild_cat",
      "type": "Boolean",
      "defaultValue": null,
      "enums": null,
      "integration": null,
      "isFilterable": true,
      "isReadOnly": false,
      "isRequired": false,
      "isSortable": true,
      "isVirtual": false,
      "reference": null,
      "inverseOf": null,
      "validations": []
    }, {
      "field": "is_master_cat",
      "type": "Boolean",
      "defaultValue": null,
      "enums": null,
      "integration": null,
      "isFilterable": true,
      "isReadOnly": false,
      "isRequired": false,
      "isSortable": true,
      "isVirtual": false,
      "reference": null,
      "inverseOf": null,
      "validations": []
    }, {
      "field": "is_page",
      "type": "Boolean",
      "defaultValue": null,
      "enums": null,
      "integration": null,
      "isFilterable": true,
      "isReadOnly": false,
      "isRequired": false,
      "isSortable": true,
      "isVirtual": false,
      "reference": null,
      "inverseOf": null,
      "validations": []
    }, {
      "field": "slug",
      "type": "String",
      "defaultValue": null,
      "enums": null,
      "integration": null,
      "isFilterable": true,
      "isReadOnly": false,
      "isRequired": false,
      "isSortable": true,
      "isVirtual": false,
      "reference": null,
      "inverseOf": null,
      "validations": []
    }],
    "segments": [],
    "actions": []
  }, {
    "name": "stub_performers",
    "nameOld": "stub_performers",
    "icon": null,
    "integration": null,
    "isReadOnly": false,
    "isSearchable": true,
    "isVirtual": false,
    "onlyForRelationships": false,
    "paginationType": "page",
    "fields": [{
      "field": "banner_img_url",
      "type": "String",
      "defaultValue": null,
      "enums": null,
      "integration": null,
      "isFilterable": true,
      "isReadOnly": false,
      "isRequired": false,
      "isSortable": true,
      "isVirtual": false,
      "reference": null,
      "inverseOf": null,
      "validations": []
    }, {
      "field": "child_cat_id",
      "type": "Number",
      "defaultValue": null,
      "enums": null,
      "integration": null,
      "isFilterable": true,
      "isReadOnly": false,
      "isRequired": false,
      "isSortable": true,
      "isVirtual": false,
      "reference": null,
      "inverseOf": null,
      "validations": []
    }, {
      "field": "child_cat_slug",
      "type": "String",
      "defaultValue": null,
      "enums": null,
      "integration": null,
      "isFilterable": true,
      "isReadOnly": false,
      "isRequired": false,
      "isSortable": true,
      "isVirtual": false,
      "reference": null,
      "inverseOf": null,
      "validations": []
    }, {
      "field": "description",
      "type": "String",
      "defaultValue": null,
      "enums": null,
      "integration": null,
      "isFilterable": true,
      "isReadOnly": false,
      "isRequired": false,
      "isSortable": true,
      "isVirtual": false,
      "reference": null,
      "inverseOf": null,
      "validations": []
    }, {
      "field": "grandchild_cat_id",
      "type": "Number",
      "defaultValue": null,
      "enums": null,
      "integration": null,
      "isFilterable": true,
      "isReadOnly": false,
      "isRequired": false,
      "isSortable": true,
      "isVirtual": false,
      "reference": null,
      "inverseOf": null,
      "validations": []
    }, {
      "field": "grandchild_cat_slug",
      "type": "String",
      "defaultValue": null,
      "enums": null,
      "integration": null,
      "isFilterable": true,
      "isReadOnly": false,
      "isRequired": false,
      "isSortable": true,
      "isVirtual": false,
      "reference": null,
      "inverseOf": null,
      "validations": []
    }, {
      "field": "id",
      "type": "Number",
      "defaultValue": null,
      "enums": null,
      "integration": null,
      "isFilterable": true,
      "isReadOnly": false,
      "isRequired": false,
      "isSortable": true,
      "isVirtual": false,
      "reference": null,
      "inverseOf": null,
      "validations": []
    }, {
      "field": "name",
      "type": "String",
      "defaultValue": null,
      "enums": null,
      "integration": null,
      "isFilterable": true,
      "isReadOnly": false,
      "isRequired": false,
      "isSortable": true,
      "isVirtual": false,
      "reference": null,
      "inverseOf": null,
      "validations": []
    }, {
      "field": "parent_cat_id",
      "type": "Number",
      "defaultValue": null,
      "enums": null,
      "integration": null,
      "isFilterable": true,
      "isReadOnly": false,
      "isRequired": false,
      "isSortable": true,
      "isVirtual": false,
      "reference": null,
      "inverseOf": null,
      "validations": []
    }, {
      "field": "parent_cat_slug",
      "type": "String",
      "defaultValue": null,
      "enums": null,
      "integration": null,
      "isFilterable": true,
      "isReadOnly": false,
      "isRequired": false,
      "isSortable": true,
      "isVirtual": false,
      "reference": null,
      "inverseOf": null,
      "validations": []
    }, {
      "field": "performer_id",
      "type": "Number",
      "defaultValue": null,
      "enums": null,
      "integration": null,
      "isFilterable": true,
      "isReadOnly": false,
      "isRequired": false,
      "isSortable": true,
      "isVirtual": false,
      "reference": null,
      "inverseOf": null,
      "validations": []
    }, {
      "field": "performer_img_url",
      "type": "String",
      "defaultValue": null,
      "enums": null,
      "integration": null,
      "isFilterable": true,
      "isReadOnly": false,
      "isRequired": false,
      "isSortable": true,
      "isVirtual": false,
      "reference": null,
      "inverseOf": null,
      "validations": []
    }, {
      "field": "performer_slug",
      "type": "String",
      "defaultValue": null,
      "enums": null,
      "integration": null,
      "isFilterable": true,
      "isReadOnly": false,
      "isRequired": false,
      "isSortable": true,
      "isVirtual": false,
      "reference": null,
      "inverseOf": null,
      "validations": []
    }, {
      "field": "updated_at",
      "type": "Date",
      "defaultValue": null,
      "enums": null,
      "integration": null,
      "isFilterable": true,
      "isReadOnly": false,
      "isRequired": false,
      "isSortable": true,
      "isVirtual": false,
      "reference": null,
      "inverseOf": null,
      "validations": []
    }, {
      "field": "venue_id",
      "type": "Number",
      "defaultValue": null,
      "enums": null,
      "integration": null,
      "isFilterable": true,
      "isReadOnly": false,
      "isRequired": false,
      "isSortable": true,
      "isVirtual": false,
      "reference": null,
      "inverseOf": null,
      "validations": []
    }],
    "segments": [],
    "actions": []
  }, {
    "name": "stub_states",
    "nameOld": "stub_states",
    "icon": null,
    "integration": null,
    "isReadOnly": false,
    "isSearchable": true,
    "isVirtual": false,
    "onlyForRelationships": false,
    "paginationType": "page",
    "fields": [{
      "field": "country_desc",
      "type": "String",
      "defaultValue": null,
      "enums": null,
      "integration": null,
      "isFilterable": true,
      "isReadOnly": false,
      "isRequired": false,
      "isSortable": true,
      "isVirtual": false,
      "reference": null,
      "inverseOf": null,
      "validations": []
    }, {
      "field": "country_id",
      "type": "Number",
      "defaultValue": null,
      "enums": null,
      "integration": null,
      "isFilterable": true,
      "isReadOnly": false,
      "isRequired": false,
      "isSortable": true,
      "isVirtual": false,
      "reference": null,
      "inverseOf": null,
      "validations": []
    }, {
      "field": "id",
      "type": "Number",
      "defaultValue": null,
      "enums": null,
      "integration": null,
      "isFilterable": true,
      "isReadOnly": false,
      "isRequired": false,
      "isSortable": true,
      "isVirtual": false,
      "reference": null,
      "inverseOf": null,
      "validations": []
    }, {
      "field": "state_province_id",
      "type": "Number",
      "defaultValue": null,
      "enums": null,
      "integration": null,
      "isFilterable": true,
      "isReadOnly": false,
      "isRequired": false,
      "isSortable": true,
      "isVirtual": false,
      "reference": null,
      "inverseOf": null,
      "validations": []
    }, {
      "field": "state_province_long_desc",
      "type": "String",
      "defaultValue": null,
      "enums": null,
      "integration": null,
      "isFilterable": true,
      "isReadOnly": false,
      "isRequired": false,
      "isSortable": true,
      "isVirtual": false,
      "reference": null,
      "inverseOf": null,
      "validations": []
    }, {
      "field": "state_province_short_desc",
      "type": "String",
      "defaultValue": null,
      "enums": null,
      "integration": null,
      "isFilterable": true,
      "isReadOnly": false,
      "isRequired": false,
      "isSortable": true,
      "isVirtual": false,
      "reference": null,
      "inverseOf": null,
      "validations": []
    }, {
      "field": "updated_at",
      "type": "Date",
      "defaultValue": null,
      "enums": null,
      "integration": null,
      "isFilterable": true,
      "isReadOnly": false,
      "isRequired": false,
      "isSortable": true,
      "isVirtual": false,
      "reference": null,
      "inverseOf": null,
      "validations": []
    }],
    "segments": [],
    "actions": []
  }, {
    "name": "stub_venues",
    "nameOld": "stub_venues",
    "icon": null,
    "integration": null,
    "isReadOnly": false,
    "isSearchable": true,
    "isVirtual": false,
    "onlyForRelationships": false,
    "paginationType": "page",
    "fields": [{
      "field": "banner_img_url",
      "type": "String",
      "defaultValue": null,
      "enums": null,
      "integration": null,
      "isFilterable": true,
      "isReadOnly": false,
      "isRequired": false,
      "isSortable": true,
      "isVirtual": false,
      "reference": null,
      "inverseOf": null,
      "validations": []
    }, {
      "field": "box_office_phone",
      "type": "String",
      "defaultValue": null,
      "enums": null,
      "integration": null,
      "isFilterable": true,
      "isReadOnly": false,
      "isRequired": false,
      "isSortable": true,
      "isVirtual": false,
      "reference": null,
      "inverseOf": null,
      "validations": []
    }, {
      "field": "capacity",
      "type": "Number",
      "defaultValue": null,
      "enums": null,
      "integration": null,
      "isFilterable": true,
      "isReadOnly": false,
      "isRequired": false,
      "isSortable": true,
      "isVirtual": false,
      "reference": null,
      "inverseOf": null,
      "validations": []
    }, {
      "field": "child_rules",
      "type": "String",
      "defaultValue": null,
      "enums": null,
      "integration": null,
      "isFilterable": true,
      "isReadOnly": false,
      "isRequired": false,
      "isSortable": true,
      "isVirtual": false,
      "reference": null,
      "inverseOf": null,
      "validations": []
    }, {
      "field": "city",
      "type": "String",
      "defaultValue": null,
      "enums": null,
      "integration": null,
      "isFilterable": true,
      "isReadOnly": false,
      "isRequired": false,
      "isSortable": true,
      "isVirtual": false,
      "reference": null,
      "inverseOf": null,
      "validations": []
    }, {
      "field": "configurations",
      "type": "Number",
      "defaultValue": null,
      "enums": null,
      "integration": null,
      "isFilterable": true,
      "isReadOnly": false,
      "isRequired": false,
      "isSortable": true,
      "isVirtual": false,
      "reference": null,
      "inverseOf": null,
      "validations": []
    }, {
      "field": "country",
      "type": "String",
      "defaultValue": null,
      "enums": null,
      "integration": null,
      "isFilterable": true,
      "isReadOnly": false,
      "isRequired": false,
      "isSortable": true,
      "isVirtual": false,
      "reference": null,
      "inverseOf": null,
      "validations": []
    }, {
      "field": "description",
      "type": "String",
      "defaultValue": null,
      "enums": null,
      "integration": null,
      "isFilterable": true,
      "isReadOnly": false,
      "isRequired": false,
      "isSortable": true,
      "isVirtual": false,
      "reference": null,
      "inverseOf": null,
      "validations": []
    }, {
      "field": "directions",
      "type": "String",
      "defaultValue": null,
      "enums": null,
      "integration": null,
      "isFilterable": true,
      "isReadOnly": false,
      "isRequired": false,
      "isSortable": true,
      "isVirtual": false,
      "reference": null,
      "inverseOf": null,
      "validations": []
    }, {
      "field": "id",
      "type": "Number",
      "defaultValue": null,
      "enums": null,
      "integration": null,
      "isFilterable": true,
      "isReadOnly": false,
      "isRequired": false,
      "isSortable": true,
      "isVirtual": false,
      "reference": null,
      "inverseOf": null,
      "validations": []
    }, {
      "field": "notes",
      "type": "String",
      "defaultValue": null,
      "enums": null,
      "integration": null,
      "isFilterable": true,
      "isReadOnly": false,
      "isRequired": false,
      "isSortable": true,
      "isVirtual": false,
      "reference": null,
      "inverseOf": null,
      "validations": []
    }, {
      "field": "parking",
      "type": "String",
      "defaultValue": null,
      "enums": null,
      "integration": null,
      "isFilterable": true,
      "isReadOnly": false,
      "isRequired": false,
      "isSortable": true,
      "isVirtual": false,
      "reference": null,
      "inverseOf": null,
      "validations": []
    }, {
      "field": "public_transport",
      "type": "String",
      "defaultValue": null,
      "enums": null,
      "integration": null,
      "isFilterable": true,
      "isReadOnly": false,
      "isRequired": false,
      "isSortable": true,
      "isVirtual": false,
      "reference": null,
      "inverseOf": null,
      "validations": []
    }, {
      "field": "rules",
      "type": "String",
      "defaultValue": null,
      "enums": null,
      "integration": null,
      "isFilterable": true,
      "isReadOnly": false,
      "isRequired": false,
      "isSortable": true,
      "isVirtual": false,
      "reference": null,
      "inverseOf": null,
      "validations": []
    }, {
      "field": "state_province",
      "type": "String",
      "defaultValue": null,
      "enums": null,
      "integration": null,
      "isFilterable": true,
      "isReadOnly": false,
      "isRequired": false,
      "isSortable": true,
      "isVirtual": false,
      "reference": null,
      "inverseOf": null,
      "validations": []
    }, {
      "field": "street_1",
      "type": "String",
      "defaultValue": null,
      "enums": null,
      "integration": null,
      "isFilterable": true,
      "isReadOnly": false,
      "isRequired": false,
      "isSortable": true,
      "isVirtual": false,
      "reference": null,
      "inverseOf": null,
      "validations": []
    }, {
      "field": "street_2",
      "type": "String",
      "defaultValue": null,
      "enums": null,
      "integration": null,
      "isFilterable": true,
      "isReadOnly": false,
      "isRequired": false,
      "isSortable": true,
      "isVirtual": false,
      "reference": null,
      "inverseOf": null,
      "validations": []
    }, {
      "field": "updated_at",
      "type": "Date",
      "defaultValue": null,
      "enums": null,
      "integration": null,
      "isFilterable": true,
      "isReadOnly": false,
      "isRequired": false,
      "isSortable": true,
      "isVirtual": false,
      "reference": null,
      "inverseOf": null,
      "validations": []
    }, {
      "field": "url",
      "type": "String",
      "defaultValue": null,
      "enums": null,
      "integration": null,
      "isFilterable": true,
      "isReadOnly": false,
      "isRequired": false,
      "isSortable": true,
      "isVirtual": false,
      "reference": null,
      "inverseOf": null,
      "validations": []
    }, {
      "field": "venue_id",
      "type": "Number",
      "defaultValue": null,
      "enums": null,
      "integration": null,
      "isFilterable": true,
      "isReadOnly": false,
      "isRequired": false,
      "isSortable": true,
      "isVirtual": false,
      "reference": null,
      "inverseOf": null,
      "validations": []
    }, {
      "field": "venue_img_url",
      "type": "String",
      "defaultValue": null,
      "enums": null,
      "integration": null,
      "isFilterable": true,
      "isReadOnly": false,
      "isRequired": false,
      "isSortable": true,
      "isVirtual": false,
      "reference": null,
      "inverseOf": null,
      "validations": []
    }, {
      "field": "venue_name",
      "type": "String",
      "defaultValue": null,
      "enums": null,
      "integration": null,
      "isFilterable": true,
      "isReadOnly": false,
      "isRequired": false,
      "isSortable": true,
      "isVirtual": false,
      "reference": null,
      "inverseOf": null,
      "validations": []
    }, {
      "field": "venue_slug",
      "type": "String",
      "defaultValue": null,
      "enums": null,
      "integration": null,
      "isFilterable": true,
      "isReadOnly": false,
      "isRequired": false,
      "isSortable": true,
      "isVirtual": false,
      "reference": null,
      "inverseOf": null,
      "validations": []
    }, {
      "field": "will_call",
      "type": "Boolean",
      "defaultValue": null,
      "enums": null,
      "integration": null,
      "isFilterable": true,
      "isReadOnly": false,
      "isRequired": false,
      "isSortable": true,
      "isVirtual": false,
      "reference": null,
      "inverseOf": null,
      "validations": []
    }, {
      "field": "zipcode",
      "type": "String",
      "defaultValue": null,
      "enums": null,
      "integration": null,
      "isFilterable": true,
      "isReadOnly": false,
      "isRequired": false,
      "isSortable": true,
      "isVirtual": false,
      "reference": null,
      "inverseOf": null,
      "validations": []
    }],
    "segments": [],
    "actions": []
  }],
  "meta": {
    "database_type": "mysql",
    "liana": "forest-express-sequelize",
    "liana_version": "3.1.1",
    "orm_version": "4.8.0"
  }
}